<?xml version="1.0" encoding="UTF-8" ?>

<strings>
    <!-- Mentions -->
    <!-- id 000 is default -->
    <str id="000">X days since Jaime @HerreraBeutler had an in-person town hall. #FlipThe3rd Z</str>
    <str id="001">X days since your last in-person town hall. Why won’t you come talk with us, Jaime @HerreraBeutler? #FlipThe3rd Z</str>
    <str id="002">Have you seen Jaime @HerreraBeutler?! She hasn’t hosted an in-person town hall for X days now! #FlipThe3rd Z</str>
    <str id="003">Jaime @HerreraBeutler, don’t you think it’s time to come talk to us in person? It’s been X days since your last in-person town hall! #FlipThe3rd Z</str>
    <str id="004">X days and counting since your last in-person town hall. We’re waiting, Jaime @HerreraBeutler. #FlipThe3rd Z</str>
    <str id="005">Jaime @HerreraBeutler doesn't seem to care about what we think. X days since her last in-person town hall. #FlipThe3rd Z</str>
    <str id="006">Jaime @HerreraBeutler, were you elected to represent us, or ignore us? X days since your last in-person town hall. #FlipThe3rd Z</str>
    <str id="007">Jaime @HerreraBeutler, are you scared of us? X days since your last in-person town hall! #FlipThe3rd Z</str>
    <str id="008">X days. Let that sink in. X days of hiding from her constituents. X days without an in-person town hall @HerreraBeutler #FlipThe3rd Z</str>
    <str id="009">.@AOC could you talk to Jaime @HerreraBeutler for us? We haven’t had an in-person town hall with her in X days. #FlipThe3rd Z</str>
    <str id="010">DMing 'resist' to @resistbot is our best bet to communicate with Jaime @HerrerBeutler since she hasn't had an in-person town hall in X days. #FlipThe3rd Z</str>
    <str id="011">Pay attention to your constituents, Jaime @HerreraBeutler! We haven’t seen you in X days! #FlipThe3rd Z</str>
    <str id="012">Jaime @HerreraBeutler is MIA. WA-3 hasn’t seen her face at a real town hall in X days! #FlipThe3rd Z</str>
    <str id="013">I bet @ElectLong wouldn’t go X days without facing her constituents at a town hall, Jaime @HerreraBeutler #FlipThe3rd Z</str>
    <str id="014">Fill the inbox of Jaime @HerreraBeutler, since she hasn't come to see us for X days. DM 'resist' to @resistbot #FlipThe3rd Z</str>
    <str id="015">X days, Jaime @HerreraBeutler. X Days. X DAYS! Can’t hack it when the questions aren’t screened by your staffers? #FlipThe3rd Z</str>
    <str id="016">Spread the word. Jaime @HerreraBeutler is afraid of her constituents. She hasn’t faced us at a town hall in X days. #FlipThe3rd Z</str>
    <str id="017">I’m no Poli Sci major, but X days without speaking with your constituents seems like a lot. Comment @HerreraBeutler? #FlipThe3rd Z</str>
    <str id="018">Imagine going X days without talking to your boss. That’s what @HerreraBeutler is doing. Time to come home for a performance review. #FlipThe3rd Z</str>
    <str id="019">Only a coward would go X days without facing their constituents, Jaime @HerreraBeutler. #FlipThe3rd Z</str>
    <str id="020">TFW @resistbot is more responsive than your rep. Fix it, Jaime @HerreraBeutler. X days since your last in-person town hall! #FlipThe3rd Z</str>
    <str id="021">If I didn’t show up for work for X days, I’d be fired. What makes you so special, Jaime @HerreraBeutler? #FlipThe3rd Z</str>
    <str id="022">Fewer photo ops, more town halls, Jaime @HerreraBeutler! It’s been X days! #FlipThe3rd Z</str>
    <str id="023">I spent more time TODAY woring on this bot than Jaime @HerreraBeutler has spent in in-person town halls for the last X days! #FlipThe3rd Z</str>
    <str id="024">We’d like a word with you, Jaime @HerreraBeutler. I guess you wouldn’t know that since we haven’t seen you in X days. #FlipThe3rd Z</str>
    <str id="025">X: The number of days since Jaime @HerreraBeutler had an in person town hall. Shameful. #FlipThe3rd Z</str>
    <str id="026">DM 'resist' to @resistbot to tell Jaime @HerreraBeutler that X days without an in-person town hall is unacceptable. #FlipThe3rd Z</str>
    <str id="027">What do you spend your time doing if not talking with your constituents Jaime @HerreraBeutler? X days! #FlipThe3rd Z</str>
    <str id="028">Jaime @HerreraBeutler, avoiding your constituents is undemocratic. X days since your last in-person own hall. #FlipThe3rd Z</str>
    <str id="029">Can’t know what we want if you don’t come talk to us Jaime @HerreraBeutler. X days and counting. Tick Tock! #FlipThe3rd Z</str>
    <str id="030">Even @Comcast is more attuned to my needs than you are, Jaime @HerreraBeutler. X days now without an in-person town hall! #FlipThe3rd Z</str>
    <str id="031">Another day in WA-3 without a glimpse of Jaime @HerreraBeutler. That makes X days without a real town hall. #FlipThe3rd Z</str>
    <str id="032">Knock Knock. Who's there? Not Jaime @HerreraBeutler. For X days now. DM 'resist' to @resistbot to tell her how you feel about that. #FlipThe3rd Z</str>

    <!-- Specials -->
    <str id="110">Returned to mode 0. This should never happen. Z</str>
    <str id="111">Congresswoman Jaime Herrera-Beutler has blocked this account. That's probably unconstitutional. See Knight Institute v. Trump. https://en.wikipedia.org/wiki/Knight_First_Amendment_Institute_v._Trump Switching to passive mode. X Days. #FlipThe3rd Z</str>
    <str id="112">Congresswoman Jaime Herrera-Beutler has opted out by admitting she doesn't care about her constituents. What a champion of the people. Switching to passive mode. X days. #FlipThe3rd Z</str>

    <!-- Heroes -->
    <str id="501">Hero 1</str>
    <str id="502">Hero 2</str>
    <str id="503">Hero 3</str>
    <str id="504">Hero 4</str>
    <str id="505">Hero 5</str>
    <str id="506">Hero 6</str>
    <str id="507">Hero 7</str>
    <str id="508">Hero 8</str>

    <!-- Replies -->
    <str id="901">@HerreraBeutler Interesting Jaime. Let's talk about it in person. It's been X days since your last town hall! #FlipThe3rd Z</str>
    <str id="902">@HerreraBeutler Fewer photo ops, more talking with your constituents. It's been X days! #FlipThe3rd Z</str>
    <str id="903">@HerreraBeutler How does this help us, Jaime? Maybe come explain in person. X days since your last! #FlipThe3rd Z</str>
    <str id="904">@HerreraBeutler Great picture. It'd look better with a town hall crowd. X days since your last! #FlipThe3rd Z</str>
    <str id="905">@HerreraBeutler Neat, but how can you represent us if you don't talk to us. X days since your last town hall! #FlipThe3rd Z</str>
    <str id="906">@HerreraBeutler I'm a bot, so I can't tell, but is this about fish? X days since your last in-person town hall. #FlipThe3rd Z</str>
    <str id="907">@HerreraBeutler COME. TALK. TO. US! You've avoided it for X days now. Don't you think it's time? #FlipThe3rd Z</str>
    <str id="908">@HerreraBeutler Okay. You know the drill. X days. Sure would be nice to talk to my rep. #FlipThe3rd Z</str>
</strings>
